"","degree","frequency","ratio","terms"
"administr",5063,625,3.55367193326696,"administr"
"agenc",5105,654,3.36784259693515,"agenc"
"action",6159,876,2.87963693252704,"action"
"analyz",4325,632,2.76154138446803,"analyz"
"amount",3599,539,2.65685942024956,"amount"
"aim",4120,633,2.55071803841149,"aim"
"breach",7247,1117,2.53763095365773,"breach"
"access",14421,2304,2.39349823265921,"access"
"aspect",3736,598,2.38617633367808,"aspect"
"account",29354,4735,2.35585974846798,"account"
"address",23085,3746,2.33268191331828,"address"
"autom",6654,1083,2.32100947291198,"autom"
"applic",20869,3456,2.25451139248102,"applic"
"attempt",11989,1992,2.24196936057491,"attempt"
"advertis",3217,539,2.21039982109258,"advertis"
"attack",40774,6886,2.18068463876574,"attack"
"capabl",7315,1238,2.17276877016177,"capabl"
"admin",8709,1481,2.15498043944795,"admin"
"advis",4165,714,2.12527641584319,"advis"
"associ",8063,1393,2.09686148844896,"associ"
"alert",4817,833,2.09338808136896,"alert"
"accur",3738,647,2.09006270691664,"accur"
"brows",3668,636,2.08367580170659,"brows"
"allow",55876,9696,2.08083672160462,"allow"
"compromis",10715,1860,2.07955408187278,"compromis"
"addit",15610,2711,2.07783442689484,"addit"
"activ",19799,3448,2.06784748274372,"activ"
"certain",16810,2937,2.05610393691621,"certain"
"client",11538,2025,2.03988290123771,"client"
"appropri",6932,1222,2.02406478997597,"appropri"
"affect",13682,2413,2.02245993933985,"affect"
"accord",12617,2234,2.00834706889966,"accord"
"advanc",9972,1769,2.00164815666887,"advanc"
"compani",20570,3663,1.98812466996598,"compani"
"govern",3508,625,1.98635096683585,"govern"
"carri",6216,1109,1.98146858200338,"carri"
"backup",5645,1013,1.96099965231453,"backup"
"corrupt",3111,560,1.95016471507873,"corrupt"
"arbitrari",4386,790,1.94798608307128,"arbitrari"
"credenti",8515,1548,1.91569930937244,"credenti"
"cyber",9399,1726,1.88098442451318,"cyber"
"critic",9915,1821,1.88052564647201,"critic"
"complex",9323,1724,1.85719352771608,"complex"
"adapt",3348,621,1.84681930299923,"adapt"
"bare",2962,555,1.81257043524314,"bare"
"databas",6890,1293,1.80737712551526,"databas"
"appear",18853,3541,1.80454816198528,"appear"
"authent",3351,631,1.79599080608198,"authent"
"comput",20055,3778,1.79457098671774,"comput"
"advantag",3259,614,1.7942266395652,"advantag"
"employe",4847,920,1.76944474459422,"employe"
"algorithm",7040,1337,1.76758106869828,"algorithm"
"api",8217,1565,1.75810621830812,"api"
"concept",5416,1033,1.7533830724758,"concept"
"bank",3986,767,1.72433554934268,"bank"
"comfort",3346,645,1.71849335637102,"comfort"
"captur",3355,647,1.71715439763915,"captur"
"basic",42419,8190,1.71330770369496,"basic"
"crimin",5102,996,1.67747909947433,"crimin"
"base",37022,7253,1.66606477297924,"base"
"argu",3742,735,1.65774049529494,"argu"
"configur",10060,1980,1.65122150987386,"configur"
"corpor",7132,1407,1.64374582254285,"corpor"
"attach",5267,1044,1.62867620018242,"attach"
"author",8766,1740,1.62421102205862,"author"
"compon",4947,982,1.62405175330626,"compon"
"approach",4419,880,1.61391752482359,"approach"
"contact",7978,1593,1.60545713757651,"contact"
"bug",10569,2116,1.59704148652444,"bug"
"cisco",3933,788,1.59472026337321,"cisco"
"certainli",8126,1629,1.59296877679579,"certainli"
"cloud",5187,1040,1.59244188311021,"cloud"
"built",10833,2175,1.58815169169667,"built"
"control",11560,2326,1.58135813761486,"control"
"articl",3157,636,1.57753499637793,"articl"
"cryptograph",2976,600,1.57511819879476,"cryptograph"
"archiv",3322,670,1.57398992627489,"archiv"
"demand",2805,566,1.57249154315811,"demand"
"alloc",3681,746,1.55893873052841,"alloc"
"averag",4796,972,1.55883795375157,"averag"
"dedic",4741,962,1.55513260645653,"dedic"
"certif",7023,1427,1.55087364906921,"certif"
"cpu",3371,687,1.54163078573664,"cpu"
"decrypt",3834,782,1.53909331329895,"decrypt"
"automat",14220,2903,1.53630116750614,"automat"
"concern",8125,1663,1.52834339883253,"concern"
"achiev",7631,1564,1.52419035306478,"achiev"
"cach",5251,1079,1.5162448201994,"cach"
"employ",3463,714,1.50591169012634,"employ"
"establish",3444,711,1.50196932386398,"establish"
"encourag",2700,558,1.49871109847087,"encourag"
"contain",29596,6141,1.48655355228713,"contain"
"distribut",5701,1185,1.48123672123098,"distribut"
"app",25621,5335,1.47586088237269,"app"
"common",18741,3906,1.47306788470968,"common"
"determin",5360,1119,1.46802070251813,"determin"
"case",20114,4200,1.46742637768222,"case"
"detect",8590,1797,1.46184600016046,"detect"
"assum",20638,4321,1.45933879473456,"assum"
"financi",4326,910,1.44525113875161,"financi"
"adjust",2513,530,1.43747959545137,"adjust"
"environ",3442,726,1.43718817831968,"environ"
"challeng",6630,1401,1.43169954071266,"challeng"
"annoy",4880,1033,1.42651535116683,"annoy"
"desktop",6122,1297,1.42400739304092,"desktop"
"expert",3660,777,1.41789770681145,"expert"
"collect",9755,2077,1.40923787444916,"collect"
"combin",6724,1434,1.4043897425412,"combin"
"almost",22146,4727,1.40188202197418,"almost"
"actual",80391,17176,1.39900006538355,"actual"
"accomplish",4501,962,1.39797198518609,"accomplish"
"accident",3620,776,1.38924984074101,"accident"
"assembl",3848,825,1.38880507601916,"assembl"
"deploy",6206,1331,1.38780800673998,"deploy"
"code",23570,5060,1.38493738556952,"code"
"clearli",6744,1449,1.3825067401306,"clearli"
"disclos",3033,652,1.38099245129551,"disclos"
"arrest",5058,1088,1.37913822997471,"arrest"
"crack",4222,909,1.37647189927751,"crack"
"core",3578,773,1.36642719187945,"core"
"engag",2614,565,1.36505981584821,"engag"
"difficult",10043,2173,1.36201869050532,"difficult"
"due",16004,3464,1.36099265963466,"due"
"expos",7810,1694,1.35488037977606,"expos"
"build",21455,4656,1.35339560500534,"build"
"domain",6089,1322,1.35205223533027,"domain"
"gather",2430,528,1.34976713174907,"gather"
"develop",21456,4671,1.34420856809429,"develop"
"contribut",3259,710,1.34212462638816,"contribut"
"custom",14600,3182,1.34097080249081,"custom"
"document",9678,2110,1.33997586761245,"document"
"calcul",3614,789,1.33603977817393,"calcul"
"admit",2615,571,1.33553779529566,"admit"
"convers",2473,543,1.31956412673658,"convers"
"care",11990,2641,1.3105048989814,"care"
"engin",6030,1329,1.3088034359301,"engin"
"avail",24435,5398,1.30214515484853,"avail"
"enterpris",2385,527,1.30147750095144,"enterpris"
"config",3136,693,1.30124808935959,"config"
"binari",8662,1915,1.29997878153489,"binari"
"commerci",3941,872,1.2976213839802,"commerci"
"channel",4148,922,1.28465696131943,"channel"
"block",12083,2688,1.28229356299286,"block"
"content",12261,2728,1.28187639342936,"content"
"correspond",2525,562,1.28085656136392,"correspond"
"connect",23501,5272,1.25869389951591,"connect"
"dump",6392,1438,1.25073226474724,"dump"
"design",14354,3231,1.24917303696805,"design"
"hardwar",2695,608,1.24285988023731,"hardwar"
"ethic",2739,619,1.2380174678415,"ethic"
"appli",21021,4759,1.23311996582155,"appli"
"appar",7001,1589,1.22607158013922,"appar"
"assign",6775,1543,1.21654763470876,"assign"
"decid",12173,2774,1.21494180406858,"decid"
"demonstr",3461,789,1.21388175534804,"demonstr"
"cours",4013,915,1.21339485098191,"cours"
"bit",18411,4199,1.21265341927136,"bit"
"defend",3651,833,1.21160631069027,"defend"
"exploit",16528,3771,1.21158685808529,"exploit"
"decent",5310,1212,1.21049440578608,"decent"
"educ",2736,625,1.20823406260123,"educ"
"encount",2634,602,1.20685779503182,"encount"
"condit",4566,1047,1.19779671202184,"condit"
"crash",3613,830,1.19274482932589,"crash"
"destroy",3737,859,1.19110405740643,"destroy"
"fairli",7419,1706,1.190071943721,"fairli"
"experi",6690,1540,1.18716584449065,"experi"
"button",3222,742,1.18600812795624,"button"
"broken",6327,1462,1.17675748188577,"broken"
"complic",5593,1295,1.17126778900348,"complic"
"cost",5195,1203,1.17092246239592,"cost"
"compar",13362,3096,1.16936064283386,"compar"
"audio",2402,557,1.16715349135089,"audio"
"altern",10794,2506,1.16392484675455,"altern"
"clear",17487,4060,1.16384943348756,"clear"
"charg",4117,957,1.16060046393661,"charg"
"browser",16348,3802,1.15925036141682,"browser"
"confirm",4556,1062,1.15306211716032,"confirm"
"break",14989,3494,1.15300337684836,"break"
"feder",3792,884,1.15279371205218,"feder"
"android",15784,3684,1.1495687591065,"android"
"danger",4045,945,1.14701737850092,"danger"
"embed",3631,850,1.14156289079296,"embed"
"deliv",3681,862,1.14064121928726,"deliv"
"experienc",3350,787,1.13205451658191,"experienc"
"approv",2279,536,1.12902745125238,"approv"
"camera",2712,638,1.12834586029047,"camera"
"extrem",7394,1740,1.12749012590802,"extrem"
"conflict",2615,616,1.12478421856132,"conflict"
"bash",3975,937,1.12297793777484,"bash"
"complet",32008,7548,1.12192654427978,"complet"
"effect",9788,2318,1.1105950655808,"effect"
"electron",2924,693,1.10853545260887,"electron"
"discov",8491,2013,1.10774564672055,"discov"
"appreci",7141,1693,1.10766616353037,"appreci"
"devic",22696,5394,1.10116620744842,"devic"
"either",3075,731,1.10049104428259,"either"
"focu",2720,647,1.09888605197019,"focu"
"bio",2852,679,1.09654011244933,"bio"
"deal",9004,2144,1.09611950275626,"deal"
"especi",15657,3737,1.0898814091898,"especi"
"bind",3092,739,1.08629578354784,"bind"
"consid",23354,5605,1.07533742244914,"consid"
"cabl",2508,602,1.07500734358226,"cabl"
"context",3798,912,1.07397468027203,"context"
"gain",4874,1182,1.04817547747871,"gain"
"caught",3485,846,1.04557118234171,"caught"
"easili",14441,3510,1.04233302128775,"easili"
"anonym",17276,4208,1.03683246409548,"anonym"
"complain",2865,698,1.03624737664978,"complain"
"data",82865,20246,1.02889124496804,"data"
"forum",3473,849,1.02749759820885,"forum"
"cert",8379,2049,1.02662632664165,"cert"
"cheap",5374,1315,1.02497595011532,"cheap"
"effici",4782,1173,1.01869805322991,"effici"
"disk",2367,581,1.01698709328861,"disk"
"encrypt",17075,4196,1.01405242120267,"encrypt"
"frequent",3055,751,1.01314383520763,"frequent"
"chines",3945,971,1.00993887744833,"chines"
"forc",8538,2107,1.0032519958546,"forc"
"fundament",3098,765,1.00165586927443,"fundament"
"correctli",8657,2139,1.00010941465825,"correctli"
"directli",13843,3426,0.995922607367539,"directli"
"degre",6538,1628,0.980424789128937,"degre"
"defac",4512,1124,0.97933141863614,"defac"
"compet",2648,661,0.974176244073027,"compet"
"compat",2974,743,0.97205982708802,"compat"
"download",11647,2911,0.971013340262472,"download"
"chang",48990,12246,0.970672776924597,"chang"
"broke",2855,714,0.969481842212024,"broke"
"disagre",3018,755,0.968695380710529,"disagre"
"command",13020,3261,0.965727865721618,"command"
"extract",3113,781,0.961491562555591,"extract"
"back",55478,13923,0.960681605587587,"back"
"depend",26149,6570,0.957803438259143,"depend"
"firewal",5689,1431,0.954956493280686,"firewal"
"default",4634,1170,0.945596778386622,"default"
"attend",2175,550,0.941729939194926,"attend"
"dollar",2874,732,0.92389224771715,"dollar"
"focus",4603,1175,0.918359567106271,"focus"
"compil",9638,2463,0.915630160796481,"compil"
"individu",7067,1806,0.91560084540117,"individu"
"debug",3329,852,0.911953071341951,"debug"
"dual",2172,558,0.902627337078816,"dual"
"dynam",6107,1570,0.900949017860652,"dynam"
"fund",2047,527,0.89744746482073,"fund"
"creat",43550,11220,0.895690654998931,"creat"
"construct",2521,650,0.89380071215051,"construct"
"clone",2373,612,0.893164108915005,"clone"
"distro",4776,1234,0.888684756097382,"distro"
"discuss",4722,1221,0.886783252288631,"discuss"
"display",5479,1422,0.87777622322523,"display"
"byte",5813,1509,0.877269806744882,"byte"
"desir",3369,875,0.876051290937791,"desir"
"extern",7053,1835,0.871837551013847,"extern"
"append",2463,641,0.871104895931594,"append"
"chrome",5389,1403,0.870236308477934,"chrome"
"flaw",3132,817,0.865500611203752,"flaw"
"enabl",10049,2626,0.861214001946098,"enabl"
"boot",5953,1558,0.857554980660685,"boot"
"identifi",7957,2088,0.851192144436493,"identifi"
"impact",2183,573,0.85053029724749,"impact"
"constant",4866,1278,0.849105731742557,"constant"
"attribut",5115,1345,0.846247160424675,"attribut"
"fbi",3245,854,0.844226166981816,"fbi"
"differ",61431,16180,0.84231019464,"differ"
"arriv",2610,690,0.833418007075292,"arriv"
"familiar",4469,1187,0.822296182246964,"familiar"
"date",3899,1039,0.814543431004706,"date"
"door",2464,657,0.813115796736941,"door"
"hacker",13919,3723,0.805727155626971,"hacker"
"deriv",3204,857,0.805709188646264,"deriv"
"describ",7679,2064,0.794258316834988,"describ"
"bitcoin",2087,564,0.781601868358077,"bitcoin"
"catch",3647,988,0.775895091848184,"catch"
"fulli",6659,1806,0.773286072407991,"fulli"
"evalu",2884,783,0.770839051623015,"evalu"
"cover",8138,2211,0.769212512230428,"cover"
"entir",16713,4547,0.766014132222322,"entir"
"argument",8044,2189,0.765464203188994,"argument"
"form",6070,1657,0.758225743375705,"form"
"brand",1989,543,0.758059810066165,"brand"
"convert",6099,1668,0.753959700137449,"convert"
"group",4536,1241,0.753104238408628,"group"
"direct",8128,2229,0.747662333773082,"direct"
"email",24844,6814,0.747375486745336,"email"
"debian",4011,1104,0.739267548839115,"debian"
"extens",5338,1470,0.738096053959887,"extens"
"infect",5216,1444,0.726061352607045,"infect"
"call",50827,14113,0.719284918714576,"call"
"event",5563,1545,0.718791001399718,"event"
"lab",2786,774,0.718057708705572,"lab"
"drive",10064,2804,0.711553541563214,"drive"
"flexibl",1839,515,0.700035144300312,"flexibl"
"isp",2898,812,0.698833026022952,"isp"
"infosec",2099,589,0.695495360183611,"infosec"
"internet",7178,2017,0.692398129304317,"internet"
"essenti",7408,2083,0.690923036931818,"essenti"
"expens",5664,1594,0.688980228691206,"expens"
"charact",11613,3271,0.687068615202746,"charact"
"kind",2583,729,0.682608204612137,"kind"
"figur",6749,1908,0.67882966558562,"figur"
"grant",2435,690,0.673647532492689,"grant"
"array",8073,2289,0.672313369757923,"array"
"dumb",2763,784,0.670654747363846,"dumb"
"confus",6901,1959,0.669697835790035,"confus"
"correct",15689,4462,0.665553122587473,"correct"
"deep",5419,1548,0.655794995521056,"deep"
"immedi",6318,1805,0.655562551665777,"immedi"
"disabl",9471,2706,0.655388049683249,"disabl"
"execut",13897,3976,0.652377714929329,"execut"
"duplic",2786,798,0.649862153569866,"duplic"
"definit",15463,4438,0.645451895788522,"definit"
"ident",2857,821,0.642727622656119,"ident"
"inject",2939,845,0.641596197726888,"inject"
"count",3762,1082,0.640832778035243,"count"
"branch",6288,1809,0.640239946407258,"branch"
"forens",7843,2265,0.631886523299045,"forens"
"answer",15370,4445,0.628815264661074,"answer"
"legitim",2881,836,0.621479141714761,"legitim"
"consol",2299,669,0.615368667516819,"consol"
"integr",3200,932,0.613481361132398,"integr"
"framework",2097,612,0.609068038144595,"framework"
"exact",5893,1723,0.605116185738221,"exact"
"column",2158,633,0.59816490746646,"column"
"foreign",2641,775,0.597269882947524,"foreign"
"malici",8075,2373,0.594198006627467,"malici"
"error",9483,2787,0.594020266904159,"error"
"defin",11235,3309,0.58942297794715,"defin"
"kali",2834,835,0.588620665386334,"kali"
"express",3812,1124,0.587012459696652,"express"
"buy",11445,3376,0.58616048741446,"buy"
"box",6869,2029,0.583202797595904,"box"
"invest",1918,567,0.581504772019125,"invest"
"expand",2726,808,0.575864386308966,"expand"
"clean",8842,2627,0.57085887750346,"clean"
"digit",9056,2693,0.568953841742646,"digit"
"futur",6698,1992,0.568738004001703,"futur"
"harder",2932,872,0.568697385886136,"harder"
"evil",1844,550,0.562613277481465,"evil"
"convinc",1941,579,0.562364026510284,"convinc"
"ideal",2978,890,0.558417886201429,"ideal"
"intent",2815,842,0.556630704416989,"intent"
"chat",2469,739,0.555226509170707,"chat"
"imposs",4337,1301,0.550557425567636,"imposs"
"hack",21954,6595,0.547594113505745,"hack"
"exist",19753,5964,0.536981549362374,"exist"
"gener",35150,10613,0.536941848878084,"gener"
"fals",6544,1976,0.536793817711408,"fals"
"login",3346,1011,0.53544166965536,"login"
"fake",4234,1286,0.524597049761663,"fake"
"former",2914,886,0.522429750196676,"former"
"inform",2915,888,0.518472772333409,"inform"
"dark",2511,765,0.518280815528834,"dark"
"drop",5743,1751,0.516697840377222,"drop"
"explor",1989,608,0.511369382228198,"explor"
"check",34508,10560,0.509115067791034,"check"
"exampl",6120,1873,0.508914924033949,"exampl"
"malwar",3524,1080,0.506066056930493,"malwar"
"comment",11832,3627,0.505585530976768,"comment"
"law",2365,726,0.502672375277021,"law"
"measur",2587,795,0.500475286565045,"measur"
"directori",5219,1605,0.498979367730048,"directori"
"lack",3043,936,0.498573036260508,"lack"
"indic",4165,1290,0.484470797804186,"indic"
"exam",2021,626,0.484314780230586,"exam"
"hire",3384,1054,0.473096391369837,"hire"
"level",4247,1323,0.472782870408115,"level"
"chip",1781,557,0.46481903991309,"chip"
"independ",3059,957,0.46416432806683,"independ"
"delet",13723,4299,0.461449533821153,"delet"
"fix",16889,5299,0.458342248569014,"fix"
"issu",20700,6496,0.457946148282278,"issu"
"fair",4287,1346,0.456948440072184,"fair"
"field",4567,1435,0.455427626352481,"field"
"handl",13770,4331,0.453428093578118,"handl"
"featur",14313,4503,0.452888438945977,"featur"
"fail",13530,4257,0.452729022455217,"fail"
"equival",3526,1114,0.444461519581559,"equival"
"filter",3994,1262,0.444239268082958,"filter"
"declar",5164,1632,0.443859996990064,"declar"
"earn",1864,591,0.437409680662431,"earn"
"involv",9026,2865,0.435179642995263,"involv"
"intend",4218,1339,0.434975364455702,"intend"
"click",12268,3904,0.430128518159616,"click"
"explicitli",3755,1195,0.430028596055021,"explicitli"
"explicit",1705,544,0.424945992278447,"explicit"
"close",22001,7031,0.4217654854415,"close"
"mainli",2476,792,0.419951384973648,"mainli"
"css",2214,710,0.414941522180626,"css"
"machin",6426,2067,0.408984412104913,"machin"
"equal",4873,1568,0.408308600378849,"equal"
"commit",8162,2633,0.403335411126008,"commit"
"guarante",2721,879,0.400612177342995,"guarante"
"front",4088,1321,0.400021372897702,"front"
"honest",2404,779,0.394592708722357,"honest"
"googl",10613,3446,0.390683835165431,"googl"
"initi",8207,2665,0.390524488018995,"initi"
"import",14983,4871,0.388262987041078,"import"
"detail",24481,7976,0.384088443484685,"detail"
"excel",4199,1369,0.382746228661721,"excel"
"interact",3342,1090,0.382023489843018,"interact"
"flag",2398,783,0.37983426456569,"flag"
"maintain",4739,1555,0.370390401839375,"maintain"
"languag",5272,1731,0.369161954118803,"languag"
"hand",6487,2131,0.368199630887703,"hand"
"edit",6737,2218,0.363985473936739,"edit"
"announc",10984,3621,0.361462568013557,"announc"
"implement",14870,4905,0.360318716240482,"implement"
"flask",2168,716,0.358008400184808,"flask"
"improv",6930,2293,0.35442311819084,"improv"
"monitor",3194,1060,0.348732094047724,"monitor"
"layer",2174,722,0.347392050521519,"layer"
"fedora",2096,698,0.342216991727354,"fedora"
"dead",3681,1227,0.340411971220404,"dead"
"feed",1990,666,0.332844978344419,"feed"
"dictionari",2996,1007,0.324772642597621,"dictionari"
"horribl",1759,593,0.319165692740617,"horribl"
"offic",1777,600,0.316263805204919,"offic"
"locat",4355,1471,0.315573612891587,"locat"
"extra",9732,3289,0.314555011297945,"extra"
"illeg",3815,1290,0.313553545925122,"illeg"
"obtain",3298,1119,0.307197335600551,"obtain"
"interpret",2300,781,0.305728305730257,"interpret"
"human",4965,1686,0.305663720571478,"human"
"imagin",2756,937,0.303435056993176,"imagin"
"impli",2115,720,0.301039961412548,"impli"
"instanc",2942,1002,0.300175506107386,"instanc"
"folder",4277,1461,0.294707023489998,"folder"
"job",4476,1529,0.29467966944228,"job"
"format",6332,2165,0.292983702592742,"format"
"exactli",14891,5092,0.292782045765496,"exactli"
"manufactur",1607,550,0.291161166224395,"manufactur"
"materi",1727,593,0.285171647172957,"materi"
"high",11890,4085,0.284124936391058,"high"
"fall",3352,1153,0.281951536882981,"fall"
"github",1874,646,0.278001850410428,"github"
"hard",19527,6738,0.276182655131364,"hard"
"hide",3273,1130,0.275186836388275,"hide"
"forward",7211,2490,0.274886827186768,"forward"
"function",16311,5642,0.271744729726377,"function"
"explain",10320,3570,0.271593668362975,"explain"
"find",52923,18392,0.263243517025451,"find"
"interfac",4174,1451,0.262699058684429,"interfac"
"manag",10098,3515,0.260301412430707,"manag"
"host",9371,3263,0.259713227244021,"host"
"network",9679,3374,0.257700410604494,"network"
"blog",4228,1474,0.257501036048366,"blog"
"lead",6768,2364,0.25407335072805,"lead"
"firefox",2979,1042,0.251541561366204,"firefox"
"die",3206,1123,0.248976350936444,"die"
"input",4028,1412,0.247614486347498,"input"
"html",2709,951,0.245024893831025,"html"
"polici",1722,605,0.243576350403728,"polici"
"hash",7040,2488,0.233056780490302,"hash"
"encod",4357,1546,0.225912258350987,"encod"
"intern",12462,4434,0.221070561248013,"intern"
"copi",12740,4538,0.219085795558647,"copi"
"graphic",3017,1075,0.218523553880363,"graphic"
"card",10495,3740,0.218295577163953,"card"
"global",7035,2507,0.21829121004534,"global"
"file",44364,15818,0.217352661263369,"file"
"minimum",1665,594,0.216330485765344,"minimum"
"hook",1699,607,0.213798852365487,"hook"
"anim",2400,859,0.210608092552363,"anim"
"length",1500,538,0.206927685180388,"length"
"major",7372,2645,0.206323856154557,"major"
"media",7897,2841,0.201605195354342,"media"
"legal",4995,1797,0.201591128625761,"legal"
"offlin",1483,535,0.196759329828003,"offlin"
"kernel",4879,1770,0.187016841483131,"kernel"
"header",2441,887,0.184166791374122,"header"
"crazi",3292,1197,0.183055500944062,"crazi"
"full",19939,7271,0.178050488332391,"full"
"escap",1993,727,0.177508249759565,"escap"
"insid",2609,955,0.171545215018334,"insid"
"imag",6178,2266,0.168050833844443,"imag"
"logic",4560,1673,0.167579909039357,"logic"
"ignor",5177,1900,0.167009351182438,"ignor"
"instal",24276,8933,0.162490859396435,"instal"
"java",3258,1199,0.162302061964516,"java"
"interview",1779,655,0.161524793833872,"interview"
"index",1986,732,0.159687991774509,"index"
"jump",1836,677,0.158963417896165,"jump"
"folk",4010,1480,0.157385331032534,"folk"
"least",19395,7165,0.155778401151465,"least"
"log",10432,3856,0.154824406316985,"log"
"float",2053,760,0.152255208559704,"float"
"linux",16548,6127,0.151950684514873,"linux"
"invalid",1654,613,0.150295904285244,"invalid"
"chanc",4456,1652,0.149748485468076,"chanc"
"notifi",1404,521,0.14816169684193,"notifi"
"introduc",3551,1321,0.143939383292028,"introduc"
"leak",12579,4685,0.141946787949898,"leak"
"hang",1724,644,0.136949162772355,"hang"
"extend",4102,1535,0.133984652045406,"extend"
"fill",4080,1534,0.126047547546864,"fill"
"hidden",3466,1304,0.124952874603182,"hidden"
"cool",7451,2809,0.121532190102756,"cool"
"flash",2311,872,0.120073200736074,"flash"
"oper",11967,4518,0.119133955939069,"oper"
"forev",1966,743,0.117427560357071,"forev"
"empti",4789,1812,0.115478723134906,"empti"
"mere",1385,526,0.109269829991016,"mere"
"market",1518,578,0.104997324341599,"market"
"creativ",1730,659,0.104299402539607,"creativ"
"mostli",6356,2430,0.0982822121386776,"mostli"
"fight",3473,1328,0.0980132120419191,"fight"
"lower",3010,1154,0.093671611661988,"lower"
"huge",9247,3556,0.0886791211103346,"huge"
"javascript",2274,875,0.0877111631279269,"javascript"
"mani",39585,15266,0.0840322547930938,"mani"
"maximum",1360,525,0.0824315640984546,"maximum"
"idea",4263,1646,0.0820780065030034,"idea"
"flat",1555,603,0.0750589896961495,"flat"
"multipl",12509,4857,0.0729708866865817,"multipl"
"licens",3133,1219,0.0696203959709685,"licens"
"main",10058,3950,0.0546210180024705,"main"
"limit",8553,3359,0.0545986079709985,"limit"
"phish",2106,828,0.0528251169717193,"phish"
"mac",3192,1255,0.0527923808471603,"mac"
"militari",2326,918,0.0467087869456813,"militari"
"minim",1815,717,0.0452042658828419,"minim"
"februari",1480,585,0.0442806154006348,"februari"
"hope",10927,4323,0.042849559829643,"hope"
"overal",2241,889,0.0385451333684984,"overal"
"bar",1825,724,0.0384873877214888,"bar"
"interest",17393,6909,0.0364229002708813,"interest"
"manual",6694,2667,0.0316952598961154,"manual"
"laptop",7974,3178,0.0311843548566288,"laptop"
"messag",7199,2890,0.0197685031104764,"messag"
"minor",1911,768,0.0180536409185858,"minor"
"numer",2014,810,0.0168809869227653,"numer"
"letter",1723,693,0.0168001849786351,"letter"
"invok",1569,632,0.0144715355958775,"invok"
"inherit",1516,611,0.0135791827663224,"inherit"
"doubl",6777,2740,0.00865249587596183,"doubl"
"member",4177,1690,0.00754376048984681,"member"
"onlin",7112,2878,0.00726840525761695,"onlin"
"hate",2562,1037,0.00690788814209729,"hate"
"integ",1997,811,0.00174472039475539,"integ"
"fresh",2674,1086,0.00165316860106398,"fresh"
"learn",21170,8599,0.00144364582266364,"learn"
"insert",3055,1243,-0.00117109697582722,"insert"
"gnome",2957,1204,-0.00229455933302414,"gnome"
"outdat",1264,515,-0.00330949692739988,"outdat"
"particularli",2161,881,-0.00423835754030301,"particularli"
"occur",3167,1293,-0.00647583676961287,"occur"
"matter",4021,1643,-0.00772957381217491,"matter"
"microsoft",9483,3879,-0.00939904863469723,"microsoft"
"giant",1583,649,-0.0129048009228184,"giant"
"necessari",5309,2179,-0.0146046642567634,"necessari"
"instruct",3692,1518,-0.0173078965463583,"instruct"
"font",1518,626,-0.0218608346793541,"font"
"element",8483,3504,-0.024363407319044,"element"
"info",4893,2028,-0.0295451386900978,"info"
"kde",1306,542,-0.0315155015032509,"kde"
"hit",9305,3874,-0.036356006992509,"hit"
"finish",5547,2310,-0.0367412032506911,"finish"
"million",6860,2889,-0.0536079483243251,"million"
"modern",4613,1947,-0.0569076223619011,"modern"
"lazi",1324,559,-0.0573932369992181,"lazi"
"necessarili",2478,1050,-0.062757409212038,"necessarili"
"amazon",4534,1923,-0.0641594868155959,"amazon"
"list",9743,4153,-0.071567334874028,"list"
"patch",4508,1922,-0.0719084311794496,"patch"
"long",21261,9089,-0.0758596378120194,"long"
"oppos",1437,615,-0.0775075084961517,"oppos"
"key",22949,9843,-0.0807081336836946,"key"
"fuck",6595,2829,-0.0808921931144869,"fuck"
"echo",1511,649,-0.082791634973126,"echo"
"eleg",1223,529,-0.0930522728645701,"eleg"
"mode",1370,594,-0.0965245416640818,"mode"
"month",8536,3713,-0.101216217435015,"month"
"persist",1248,545,-0.106911853972701,"persist"
"mess",2017,882,-0.108839623684652,"mess"
"local",14907,6521,-0.109374448446214,"local"
"liter",5725,2505,-0.109733482231486,"liter"
"platform",2441,1070,-0.112329345299088,"platform"
"donat",1382,607,-0.115187694167369,"donat"
"packet",2295,1010,-0.118018558819579,"packet"
"fun",3098,1366,-0.120753590218608,"fun"
"particular",5380,2374,-0.121835988916307,"particular"
"massiv",3276,1446,-0.122249986355726,"massiv"
"modifi",5404,2387,-0.123277153085603,"modifi"
"obviou",3482,1545,-0.129707664336438,"obviou"
"model",2945,1308,-0.131088916876118,"model"
"potenti",5313,2361,-0.131852034606988,"potenti"
"notic",5846,2598,-0.131930908568374,"notic"
"kill",3977,1768,-0.13240845425493,"kill"
"bundl",4248,1890,-0.133552032561782,"bundl"
"master",2035,909,-0.139155567385292,"master"
"optim",2487,1111,-0.13928157041698,"optim"
"load",6835,3055,-0.140042537989697,"load"
"oscp",1584,708,-0.140060012875462,"oscp"
"pentest",2716,1217,-0.143569349014206,"pentest"
"iphon",1241,557,-0.145906570032822,"iphon"
"password",11998,5386,-0.146145951692866,"password"
"nearli",2893,1299,-0.146479457227166,"nearli"
"offer",7213,3242,-0.147888389777209,"offer"
"outsid",2914,1311,-0.149230475695903,"outsid"
"iter",2566,1158,-0.153540151826683,"iter"
"other",10735,4852,-0.155681844033731,"other"
"label",1543,698,-0.156871178444432,"label"
"process",4758,2158,-0.160513840310868,"process"
"protocol",2157,979,-0.161490666575345,"protocol"
"librari",8406,3820,-0.163219936436941,"librari"
"icon",1382,630,-0.167549450554597,"icon"
"mobil",4814,2203,-0.172871788054046,"mobil"
"prevent",3742,1713,-0.173331848525766,"prevent"
"perform",4961,2278,-0.177542545865557,"perform"
"mistak",1920,883,-0.17967310510896,"mistak"
"award",2356,1084,-0.180286490592713,"award"
"past",4381,2023,-0.185222848794705,"past"
"final",14136,6540,-0.18782314018334,"final"
"plain",1124,521,-0.190392245459784,"plain"
"privileg",1498,695,-0.191648339736978,"privileg"
"map",3438,1597,-0.193292016456778,"map"
"mention",9154,4261,-0.196104428095093,"mention"
"competit",3006,1403,-0.199739450576892,"competit"
"neg",1991,930,-0.200804989407152,"neg"
"partial",1260,589,-0.201838866744494,"partial"
"canada",1587,742,-0.202093996805898,"canada"
"mark",2376,1111,-0.20222008474529,"mark"
"item",3636,1708,-0.208398807178558,"item"
"otherwis",6144,2889,-0.209733162709508,"otherwis"
"lock",7252,3411,-0.210126691868275,"lock"
"plug",1543,726,-0.210579240415703,"plug"
"entri",5748,2713,-0.214772550419598,"entri"
"physic",4788,2268,-0.219545501602432,"physic"
"practic",5006,2375,-0.221637974264033,"practic"
"middl",2251,1069,-0.222950294468053,"middl"
"facebook",5455,2600,-0.227756416468344,"facebook"
"prior",1720,821,-0.229690894304307,"prior"
"loop",3589,1725,-0.238778823495042,"loop"
"own",2055,989,-0.24049436560086,"own"
"funni",2623,1263,-0.24115906201424,"funni"
"line",6429,3107,-0.245948388557226,"line"
"launch",3803,1839,-0.246721251710881,"launch"
"brilliant",1077,521,-0.247220942917572,"brilliant"
"exclus",3548,1718,-0.248472291889409,"exclus"
"link",14137,6853,-0.249921131329835,"link"
"person",12624,6122,-0.250438287692911,"person"
"impress",1587,773,-0.256127458106382,"impress"
"primari",2112,1031,-0.258989644632265,"primari"
"name",13772,6728,-0.259952658715316,"name"
"pain",1176,577,-0.265521212650927,"pain"
"note",5217,2560,-0.265670904759274,"note"
"memori",1470,723,-0.268628910786591,"memori"
"method",12415,6110,-0.26943532963319,"method"
"net",3068,1517,-0.275421284363511,"net"
"nation",3555,1762,-0.278457031979579,"nation"
"number",7781,3858,-0.27892668383899,"number"
"page",4662,2312,-0.279186300773117,"page"
"game",8925,4427,-0.279437045171805,"game"
"prompt",1398,694,-0.28046306528849,"prompt"
"gmail",1383,688,-0.283130788759822,"gmail"
"januari",1318,658,-0.287625437507944,"januari"
"plenti",1496,750,-0.292899930542223,"plenti"
"previous",2049,1028,-0.29382974319408,"previous"
"meet",2594,1302,-0.294378527924378,"meet"
"gear",2049,1034,-0.301115708898312,"gear"
"place",5804,2929,-0.301154189281247,"place"
"invit",1390,704,-0.305646916990318,"invit"
"goal",1903,964,-0.305877119235517,"goal"
"protect",5344,2715,-0.309494471339028,"protect"
"phone",2730,1387,-0.309524248361905,"phone"
"deserv",1795,913,-0.31092957986158,"deserv"
"node",2197,1123,-0.317026967263041,"node"
"nativ",2803,1434,-0.318094502441807,"nativ"
"match",4480,2294,-0.319197915848257,"match"
"git",6368,3261,-0.319289536262341,"git"
"program",7679,3957,-0.326952052492635,"program"
"odd",1906,989,-0.335401212296439,"odd"
"pars",2131,1114,-0.344392393265243,"pars"
"problem",7416,3885,-0.346941231664539,"problem"
"indian",1093,573,-0.347808011738553,"indian"
"quickli",3166,1664,-0.350869662521369,"quickli"
"opposit",1128,593,-0.351154393296669,"opposit"
"perhap",4097,2158,-0.353469528785326,"perhap"
"prepar",1936,1022,-0.35611047234714,"prepar"
"permiss",2124,1127,-0.362205474436732,"permiss"
"pen",2056,1094,-0.365549038277673,"pen"
"privat",7572,4035,-0.367288927749647,"privat"
"poor",1925,1027,-0.368667574452525,"poor"
"possibl",18391,9822,-0.36990366082521,"possibl"
"port",3902,2100,-0.378933396545218,"port"
"popular",3876,2090,-0.381169590349023,"popular"
"press",1121,605,-0.382210833583611,"press"
"programm",1553,840,-0.384782952288099,"programm"
"friend",10031,5431,-0.385929477254771,"friend"
"propos",1182,645,-0.395020546864937,"propos"
"reboot",1060,579,-0.396164212266111,"reboot"
"modul",2254,1233,-0.397853127528682,"modul"
"power",2863,1571,-0.401415839290434,"power"
"paramet",3235,1778,-0.403271705600194,"paramet"
"randomli",1250,689,-0.406570484814849,"randomli"
"grab",2659,1466,-0.40685051233606,"grab"
"path",1958,1081,-0.40842107378377,"path"
"origin",9983,5514,-0.408927201299655,"origin"
"previou",3973,2196,-0.409735975209778,"previou"
"null",2443,1353,-0.411992083171256,"null"
"option",7146,3961,-0.412954190697545,"option"
"profession",2848,1583,-0.416087744708678,"profession"
"php",1370,764,-0.419818249572118,"php"
"polic",1971,1100,-0.420684771101635,"polic"
"proxi",1623,909,-0.424678437190996,"proxi"
"proper",2426,1361,-0.426546679790521,"proper"
"anniversari",916,515,-0.428985905879129,"anniversari"
"nsa",1817,1023,-0.430555868927166,"nsa"
"profil",1580,891,-0.432357621955555,"profil"
"pattern",2306,1302,-0.433722783834208,"pattern"
"pay",4568,2583,-0.435382767912628,"pay"
"properli",3480,1974,-0.438890545098003,"properli"
"perfectli",2607,1479,-0.439042016050734,"perfectli"
"purpos",3834,2194,-0.448607412203387,"purpos"
"minut",5820,3335,-0.45009770696071,"minut"
"proprietari",1205,691,-0.450902749780319,"proprietari"
"plugin",1310,754,-0.454965287921847,"plugin"
"offici",4517,2600,-0.455023771543843,"offici"
"publicli",1094,630,-0.455527579434913,"publicli"
"present",4332,2498,-0.456989437986575,"present"
"queri",2392,1384,-0.460683257240012,"queri"
"join",4825,2792,-0.460791506302206,"join"
"purchas",1220,706,-0.460858619316805,"purchas"
"posit",3465,2014,-0.46563902599782,"posit"
"publish",3067,1784,-0.466449395693947,"publish"
"provid",14176,8257,-0.467913462063802,"provid"
"prove",1978,1154,-0.469682483612979,"prove"
"plan",3596,2098,-0.469698095216923,"plan"
"packag",3299,1927,-0.470974252697377,"packag"
"live",12133,7129,-0.477315235988228,"live"
"open",21326,12631,-0.485842274982423,"open"
"kick",1810,1084,-0.497587115760081,"kick"
"polit",2182,1321,-0.508902783877745,"polit"
"pointer",1482,898,-0.509812988906474,"pointer"
"point",9780,5929,-0.510326251161786,"point"
"free",34544,20976,-0.512017568357151,"free"
"prefer",5176,3143,-0.512017721240608,"prefer"
"organ",4194,2555,-0.515386047053205,"organ"
"report",4316,2631,-0.516045218184079,"report"
"ping",1158,707,-0.517641673927319,"ping"
"grand",1424,870,-0.518350394427721,"grand"
"reliabl",1555,953,-0.521558241404045,"reliabl"
"recent",7990,4904,-0.523074651710773,"recent"
"luck",876,539,-0.525626151751649,"luck"
"reli",2543,1568,-0.527781020563025,"reli"
"excit",4388,2712,-0.530185626182799,"excit"
"receiv",4742,2931,-0.530258853653691,"receiv"
"order",2205,1364,-0.531083424761105,"order"
"contest",5659,3507,-0.532934874223767,"contest"
"paid",2999,1861,-0.534277106423865,"paid"
"public",7925,4918,-0.534322327202845,"public"
"risk",1067,663,-0.535630093161929,"risk"
"natur",2951,1839,-0.538575105816747,"natur"
"merg",1645,1027,-0.540416945376764,"merg"
"ram",952,596,-0.543212195205564,"ram"
"nest",1476,934,-0.553931240860394,"nest"
"ran",1895,1207,-0.560414394027103,"ran"
"magic",1863,1192,-0.564880012683713,"magic"
"post",8070,5164,-0.564991767877674,"post"
"pretti",16208,10419,-0.569478614207633,"pretti"
"project",4493,2897,-0.572442414272881,"project"
"probabl",16781,10857,-0.57576602987167,"probabl"
"remain",2548,1650,-0.576645653588995,"remain"
"pure",1167,756,-0.577018352556296,"pure"
"regardless",1602,1038,-0.577206199561526,"regardless"
"pop",1428,933,-0.58527335262217,"pop"
"restart",1074,704,-0.5884095328831,"restart"
"redirect",1616,1064,-0.592675058210882,"redirect"
"reduc",2110,1391,-0.593873650445807,"reduc"
"object",14417,9556,-0.599044724923172,"object"
"produc",2616,1737,-0.600708263219531,"produc"
"ebook",972,646,-0.601590789755164,"ebook"
"promot",840,559,-0.602825873764932,"promot"
"pictur",1747,1169,-0.608018992157881,"pictur"
"recogn",1187,796,-0.610056044442604,"recogn"
"relat",5069,3401,-0.610536095129638,"relat"
"respons",2579,1748,-0.62001279892088,"respons"
"request",4426,3002,-0.620674264195872,"request"
"predict",917,623,-0.622211549475033,"predict"
"regard",2535,1723,-0.622614135188341,"regard"
"push",3139,2152,-0.630569118241731,"push"
"reason",5174,3571,-0.63671068271726,"reason"
"research",3319,2293,-0.637621032990437,"research"
"quit",7616,5287,-0.641989302441846,"quit"
"sensit",1520,1060,-0.646116878304734,"sensit"
"pull",3193,2244,-0.653082094448053,"pull"
"restrict",1307,925,-0.659339127554638,"restrict"
"repeat",997,709,-0.663602044754251,"repeat"
"prime",1013,721,-0.664366087676328,"prime"
"resourc",3635,2602,-0.66939988371313,"resourc"
"miss",8405,6027,-0.6709397909188,"miss"
"left",11773,8459,-0.672694677652641,"left"
"refus",871,626,-0.672945571949197,"refus"
"random",3674,2644,-0.67408737983466,"random"
"question",4813,3467,-0.674924819348029,"question"
"requir",12420,8951,-0.675351572619222,"requir"
"pass",7029,5085,-0.6786610755585,"pass"
"respond",1170,849,-0.681312551849885,"respond"
"reflect",772,561,-0.682558465427196,"reflect"
"put",13416,9788,-0.685995568486473,"put"
"secur",2944,2148,-0.68604638503654,"secur"
"remot",5220,3833,-0.691539396725437,"remot"
"record",2886,2122,-0.692685816763292,"record"
"recov",793,586,-0.69696658071354,"recov"
"render",1078,798,-0.698456498095647,"render"
"real",8708,6499,-0.705372583491286,"real"
"releas",4457,3328,-0.705785616318145,"releas"
"regist",1573,1177,-0.707545822543828,"regist"
"raw",1152,866,-0.711448096810252,"raw"
"festiv",1538,1158,-0.7127722911355,"festiv"
"retriev",810,610,-0.712950651835668,"retriev"
"respect",1467,1107,-0.714629852573842,"respect"
"dvd",1114,844,-0.717967363519678,"dvd"
"recommend",6123,4645,-0.719046855454191,"recommend"
"regular",2661,2022,-0.720412506688585,"regular"
"scenario",747,569,-0.722424708302729,"scenario"
"relev",1735,1327,-0.725806977125565,"relev"
"python",3229,2470,-0.725915951089844,"python"
"promis",1029,788,-0.726829309865632,"promis"
"repres",1773,1379,-0.739506012080779,"repres"
"pro",2126,1658,-0.74167713790165,"pro"
"result",6374,5011,-0.748144350236302,"result"
"router",1638,1290,-0.749551760762651,"router"
"qualifi",865,683,-0.751628078267176,"qualifi"
"enter",42511,33944,-0.760501059093904,"enter"
"photo",1999,1618,-0.771153793935867,"photo"
"reveal",1346,1109,-0.784867760853349,"reveal"
"reset",1383,1143,-0.787218923853929,"reset"
"london",1309,1086,-0.790137525877359,"london"
"resolv",1552,1288,-0.790371714192792,"resolv"
"print",1718,1426,-0.790497931815898,"print"
"kit",1090,905,-0.7907175923202,"kit"
"rout",2351,1959,-0.793437597600415,"rout"
"headphon",810,676,-0.794620169512571,"headphon"
"quick",3087,2580,-0.795699418769998,"quick"
"restor",918,768,-0.796454811981428,"restor"
"root",1225,1025,-0.796574848596696,"root"
"refresh",689,577,-0.79721393435424,"refresh"
"inspir",1265,1083,-0.813627806564056,"inspir"
"sever",4733,4055,-0.814163720585202,"sever"
"pair",3287,2831,-0.818023538830865,"pair"
"itun",824,712,-0.820398744912329,"itun"
"replac",4336,3748,-0.820663135514566,"replac"
"screw",853,738,-0.821329066145266,"screw"
"pleas",4003,3468,-0.82231114195184,"pleas"
"refer",3904,3390,-0.823977472819825,"refer"
"scale",871,757,-0.82462504290901,"scale"
"setup",1140,992,-0.825507545025128,"setup"
"read",13785,11996,-0.825545659674986,"read"
"referenc",720,627,-0.826054462895587,"referenc"
"revers",1139,995,-0.828323387256806,"revers"
"servic",4667,4121,-0.83602864991527,"servic"
"server",9808,8686,-0.838119291736362,"server"
"reach",2028,1798,-0.838908918775076,"reach"
"properti",2141,1908,-0.842564222838688,"properti"
"script",4389,3921,-0.844302949761499,"script"
"rais",1132,1012,-0.844794458410539,"rais"
"serv",1719,1537,-0.844898137972242,"serv"
"player",918,839,-0.860176227735709,"player"
"ipad",1199,1099,-0.862171855194608,"ipad"
"ridicul",681,626,-0.864145108396291,"ridicul"
"scan",2290,2111,-0.866076219424109,"scan"
"pin",2549,2368,-0.871341438744342,"pin"
"skill",2292,2137,-0.873800913373381,"skill"
"readabl",751,702,-0.875521323130465,"readabl"
"sent",2271,2133,-0.878735944292606,"sent"
"separ",3607,3390,-0.879167971523934,"separ"
"quot",2548,2395,-0.879249052439064,"quot"
"run",23258,21953,-0.882044724319674,"run"
"perfect",3053,2912,-0.888989851516099,"perfect"
"novel",650,621,-0.890074286993545,"novel"
"repositori",763,733,-0.893709853261576,"repositori"
"remov",6891,6648,-0.89646611306826,"remov"
"screen",1889,1824,-0.897043389670357,"screen"
"strongli",587,570,-0.900704295845474,"strongli"
"parent",1416,1375,-0.900708314679011,"parent"
"product",4268,4159,-0.90298241594069,"product"
"search",2687,2623,-0.904121798199698,"search"
"recurs",586,574,-0.906322611127304,"recurs"
"resid",766,755,-0.910314231735371,"resid"
"instagram",1339,1325,-0.91283624436912,"instagram"
"roll",1210,1200,-0.914242741323263,"roll"
"safe",3406,3383,-0.915209487292729,"safe"
"scope",567,566,-0.918379352954429,"scope"
"shut",908,921,-0.92838417546489,"shut"
"signific",900,914,-0.929141500395703,"signific"
"rememb",4760,4865,-0.933088432348797,"rememb"
"session",596,623,-0.946793639961624,"session"
"pack",1605,1698,-0.953995022603938,"pack"
"shell",695,736,-0.95458478615537,"shell"
"screenshot",623,661,-0.955707443936841,"screenshot"
"state",2703,2870,-0.9561480953162,"state"
"sql",960,1020,-0.9565483518619,"sql"
"reader",783,832,-0.956592890334533,"reader"
"nail",560,596,-0.957543144056018,"nail"
"seriou",1309,1397,-0.959174368264091,"seriou"
"secret",2223,2375,-0.959809280674221,"secret"
"sell",1416,1521,-0.962980164114999,"sell"
"race",647,705,-0.971318193839047,"race"
"side",1223,1337,-0.973205540753287,"side"
"steal",951,1041,-0.973955065131757,"steal"
"repli",1387,1521,-0.974991086239157,"repli"
"site",3835,4244,-0.980201681034041,"site"
"return",5121,5680,-0.981489394694614,"return"
"serial",685,767,-0.986840552367491,"serial"
"save",4585,5134,-0.986855750140171,"save"
"rid",683,771,-0.99139349672885,"rid"
"similar",4799,5436,-0.993311239607,"similar"
"http",35346,40316,-0.997150399479887,"http"
"situat",742,850,-0.99953332256977,"situat"
"sourc",976,1129,-1.00486229835253,"sourc"
"review",1389,1608,-1.00528806549586,"review"
"stabl",736,854,-1.00653491232328,"stabl"
"second",6079,7054,-1.00656398326077,"second"
"slower",720,838,-1.0081968229618,"slower"
"hamper",855,997,-1.00921471603464,"hamper"
"rule",2813,3281,-1.00934836501477,"rule"
"semant",760,890,-1.01150782622686,"semant"
"slow",1777,2086,-1.01280740326858,"slow"
"send",5636,6622,-1.01329071574012,"send"
"rich",442,522,-1.01603673449698,"rich"
"signatur",494,588,-1.02019897996263,"signatur"
"sampl",764,910,-1.02056158978609,"sampl"
"remind",630,751,-1.02098929467892,"remind"
"speed",606,724,-1.02216410301389,"speed"
"social",2223,2665,-1.02397221256012,"social"
"signal",868,1047,-1.02719189954568,"signal"
"spread",709,859,-1.02949562963779,"spread"
"simpl",5416,6571,-1.03022050291848,"simpl"
"share",3128,3798,-1.03062134345778,"share"
"senior",873,1060,-1.03062541182447,"senior"
"ship",670,815,-1.03156972024352,"ship"
"sort",1578,1937,-1.0362465111061,"sort"
"silli",504,625,-1.04145108021179,"silli"
"shit",1798,2233,-1.04221029527884,"shit"
"paypal",865,1078,-1.04396340888809,"paypal"
"solut",2182,2723,-1.04464993238375,"solut"
"techniqu",829,1037,-1.04584725935281,"techniqu"
"round",704,887,-1.04945992404857,"round"
"sit",886,1130,-1.05551741014413,"sit"
"singl",4990,6366,-1.05565542273304,"singl"
"start",8657,11054,-1.05609405424224,"start"
"stack",743,955,-1.05933512511082,"stack"
"speak",1119,1445,-1.06161303685781,"speak"
"protest",955,1236,-1.0627096210259,"protest"
"serious",1125,1463,-1.06503152857827,"serious"
"solid",844,1110,-1.07045385050686,"solid"
"system",3989,5256,-1.07134724803905,"system"
"select",2537,3354,-1.07294222701031,"select"
"threat",444,588,-1.07376634024543,"threat"
"size",623,836,-1.07999450701515,"size"
"slightli",946,1270,-1.08020454644509,"slightli"
"standard",2716,3649,-1.08056259815624,"standard"
"ring",623,838,-1.08111491272528,"ring"
"split",419,565,-1.08227643981885,"split"
"skip",477,645,-1.08357290443488,"skip"
"stolen",740,1001,-1.08374560232888,"stolen"
"strict",388,535,-1.09258200070215,"strict"
"stick",865,1194,-1.09307212456444,"stick"
"store",3296,4568,-1.09490809210766,"store"
"subject",831,1154,-1.09581344028002,"subject"
"structur",494,692,-1.09973876903457,"structur"
"ssh",489,685,-1.0997414269484,"ssh"
"sysadmin",403,566,-1.10090965990816,"sysadmin"
"suffici",414,584,-1.10286882666756,"suffici"
"stuff",1334,1898,-1.10668571276063,"stuff"
"target",1963,2818,-1.11062402970389,"target"
"russian",1184,1732,-1.11880745925643,"russian"
"task",926,1355,-1.11893844987904,"task"
"technolog",524,769,-1.1201923146034,"technolog"
"simpli",5847,8607,-1.12149861114671,"simpli"
"struggl",357,535,-1.12908390138382,"struggl"
"studi",876,1325,-1.13296292260051,"studi"
"solv",1895,2880,-1.13494472963508,"solv"
"strong",1042,1618,-1.14375219577634,"strong"
"special",2642,4104,-1.14390512368004,"special"
"suit",520,815,-1.14751183501512,"suit"
"submit",719,1131,-1.14897093560479,"submit"
"readi",2578,4079,-1.15130361685149,"readi"
"success",1297,2063,-1.1533960518918,"success"
"stuck",691,1104,-1.15515379264032,"stuck"
"space",798,1280,-1.15670870172331,"space"
"stay",1830,2972,-1.16155336659098,"stay"
"support",2942,4811,-1.1642191315094,"support"
"tend",758,1247,-1.1665224987951,"tend"
"thousand",896,1480,-1.16806805860706,"thousand"
"strang",501,828,-1.1682777959096,"strang"
"step",1404,2325,-1.16903468092283,"step"
"statement",540,895,-1.16936163392552,"statement"
"sound",2172,3609,-1.17032117319407,"sound"
"kindl",756,1260,-1.17147320540125,"kindl"
"suspect",516,892,-1.18503271371176,"suspect"
"soft",299,528,-1.19271022887337,"soft"
"straight",722,1292,-1.1974124118629,"straight"
"spot",311,559,-1.19897022262663,"spot"
"static",1781,3205,-1.19938372218236,"static"
"tech",645,1163,-1.20007292499341,"tech"
"retweet",3051,5545,-1.20282880419503,"retweet"
"suppos",1293,2390,-1.20863774687679,"suppos"
"suggest",2651,4941,-1.21145559690336,"suggest"
"suck",578,1080,-1.21230343779458,"suck"
"switch",2497,4668,-1.21247137705379,"switch"
"student",642,1207,-1.21437466960945,"student"
"stand",1081,2040,-1.21563161640144,"stand"
"subscrib",342,653,-1.2195154985328,"subscrib"
"stop",2468,4713,-1.21956503354932,"stop"
"score",448,863,-1.22242414462885,"score"
"technic",1617,3141,-1.22514248180791,"technic"
"teach",484,942,-1.22577481383264,"teach"
"stream",472,920,-1.22625165382957,"stream"
"theoret",273,547,-1.23504424573452,"theoret"
"symbol",280,568,-1.23890470388907,"symbol"
"surpris",768,1561,-1.23951288103077,"surpris"
"sync",273,559,-1.24179344617435,"sync"
"term",1045,2163,-1.24509868171693,"term"
"stori",357,739,-1.24512390412707,"stori"
"templat",340,713,-1.24904655656265,"templat"
"snap",334,702,-1.24972367275726,"snap"
"trick",560,1178,-1.24997658115396,"trick"
"shot",324,683,-1.25060921574419,"shot"
"termin",743,1582,-1.25358201371862,"termin"
"transfer",298,638,-1.25520352343777,"transfer"
"text",1117,2434,-1.26034977511706,"text"
"temporari",288,631,-1.26192275439882,"temporari"
"tab",368,809,-1.26289024275981,"tab"
"test",3483,7699,-1.2644564020671,"test"
"prize",6228,14099,-1.27117355599094,"prize"
"tradit",333,776,-1.27911709200995,"tradit"
"tool",2600,6106,-1.28120414449496,"tool"
"terribl",372,892,-1.28672902604057,"terribl"
"unabl",253,608,-1.28730980267805,"unabl"
"string",2719,6559,-1.28830104557268,"string"
"talk",2005,4890,-1.29115123275994,"talk"
"surviv",222,546,-1.29331010608139,"surviv"
"sign",2512,6195,-1.29400627224475,"sign"
"recip",295,729,-1.29452558831788,"recip"
"typic",855,2124,-1.29586206350607,"typic"
"translat",220,550,-1.29746363678639,"translat"
"trigger",286,729,-1.30230277544042,"trigger"
"underli",203,518,-1.30257135697768,"underli"
"time",2464,6290,-1.30267150835398,"time"
"syntax",299,767,-1.30386992990767,"syntax"
"trust",603,1560,-1.30594376197577,"trust"
"super",951,2463,-1.30621084091423,"super"
"token",456,1183,-1.30662270449486,"token"
"ubuntu",828,2167,-1.30874289091132,"ubuntu"
"trivial",269,706,-1.30942023579886,"trivial"
"truli",358,948,-1.31155117447291,"truli"
"total",1457,3881,-1.31294867563481,"total"
"tutori",408,1093,-1.31429309971615,"tutori"
"track",748,2015,-1.31559625470286,"track"
"team",952,2569,-1.31600173840709,"team"
"theme",250,692,-1.32186062783496,"theme"
"unknown",324,905,-1.32391466657996,"unknown"
"thread",1003,2962,-1.33612849233301,"thread"
"unix",279,841,-1.34045918233637,"unix"
"tire",210,640,-1.34274144806542,"tire"
"upgrad",711,2173,-1.34332577724918,"upgrad"
"unnecessari",194,595,-1.34404833410527,"unnecessari"
"updat",3283,10132,-1.34532557622593,"updat"
"uniqu",603,1866,-1.34587475109676,"uniqu"
"sponsor",337,1057,-1.34859882606191,"sponsor"
"rose",170,534,-1.34889793274512,"rose"
"sock",204,653,-1.35264474455997,"sock"
"unlik",189,609,-1.353942106028,"unlik"
"type",1995,6455,-1.35474975857034,"type"
"tag",876,2842,-1.3552720542833,"tag"
"suppli",394,1280,-1.35553735125298,"suppli"
"tip",638,2089,-1.35705126062963,"tip"
"touch",480,1573,-1.35721497932505,"touch"
"titl",232,772,-1.36013245239765,"titl"
"undefin",228,775,-1.36411663919659,"undefin"
"usabl",151,519,-1.36616362153012,"usabl"
"univers",239,824,-1.36672779384642,"univers"
"unlock",173,597,-1.36689554955977,"unlock"
"unfortun",599,2089,-1.36881197586184,"unfortun"
"true",1525,5396,-1.37140946632619,"true"
"top",1485,5263,-1.37169816609008,"top"
"upload",494,1807,-1.37722736313094,"upload"
"twice",266,1010,-1.38353630773267,"twice"
"understand",1664,6515,-1.38854804688984,"understand"
"travel",266,1049,-1.38970448645635,"travel"
"unit",414,1640,-1.39041999164982,"unit"
"usag",174,690,-1.39058699911454,"usag"
"util",213,846,-1.39083952387679,"util"
"user",3989,16002,-1.39240918184784,"user"
"usb",594,2405,-1.39385548449893,"usb"
"twitter",305,1275,-1.39875006201758,"twitter"
"ugli",158,662,-1.39909338053211,"ugli"
"url",616,2617,-1.40116382371936,"url"
"usernam",291,1255,-1.40337591177549,"usernam"
"victim",265,1158,-1.40528446364535,"victim"
"treat",349,1628,-1.41439947328697,"treat"
"tough",135,637,-1.41593815546723,"tough"
"upcom",109,523,-1.41815427947082,"upcom"
"version",680,3269,-1.41840520108329,"version"
"usual",1162,5714,-1.421337323087,"usual"
"vendor",236,1175,-1.42291793867627,"vendor"
"visit",275,1379,-1.4238195226498,"visit"
"tree",195,1017,-1.4286572128305,"tree"
"video",475,2481,-1.42883697253542,"video"
"ultim",385,2053,-1.43130929233972,"ultim"
"vulner",624,3343,-1.4318584553085,"vulner"
"tune",222,1214,-1.43424731764769,"tune"
"virtual",448,2537,-1.43820344070656,"virtual"
"valid",469,2764,-1.44255319651826,"valid"
"tweet",298,1985,-1.45487233695523,"tweet"
"valuabl",94,644,-1.45749496112341,"valuabl"
"sweep",293,2055,-1.45962650345972,"sweep"
"ticket",1609,12859,-1.47062087248664,"ticket"
"verifi",139,1139,-1.47256710727162,"verifi"
"view",213,1787,-1.47435786865282,"view"
"visual",188,1588,-1.47486578072667,"visual"
"web",375,3170,-1.47492334534621,"web"
"usa",125,1077,-1.47633027521525,"usa"
"visibl",83,727,-1.47752423955002,"visibl"
"vpn",138,1315,-1.48333545190971,"vpn"
"valu",491,5049,-1.48818355500319,"valu"
"wall",70,737,-1.48961186592736,"wall"
"warn",170,1904,-1.49319877125973,"warn"
"weak",72,891,-1.49853927475459,"weak"
"vlan",47,634,-1.50274457625145,"vlan"
"weird",104,1408,-1.50291394251102,"weird"
"west",39,536,-1.50360842843707,"west"
"wait",174,2591,-1.50713972329072,"wait"
"wifi",64,961,-1.50749139025048,"wifi"
"walk",100,1507,-1.50764276386153,"walk"
"variabl",416,6752,-1.51063228135745,"variabl"
"wild",50,857,-1.51269116484688,"wild"
"visa",33,620,-1.51591478797836,"visa"
"will",57,1098,-1.51674206518074,"will"
"vote",71,1639,-1.52215554095891,"vote"
"welcom",50,1188,-1.52293136163892,"welcom"
"websit",276,6565,-1.52296060080396,"websit"
"vip",35,942,-1.52603863385348,"vip"
"voucher",128,3551,-1.52673712808765,"voucher"
"wear",35,1059,-1.52862455102749,"wear"
"wipe",26,817,-1.52939706249416,"wipe"
"wikileak",21,699,-1.53051889827564,"wikileak"
"wire",14,577,-1.53415969852207,"wire"
"wrap",24,1031,-1.53478023984162,"wrap"
"window",312,16723,-1.53769152024908,"window"
"wow",7,727,-1.54337893545972,"wow"
"winner",29,4881,-1.54570169837846,"winner"
"write",35,8196,-1.54675436711494,"write"
"youtub",1,790,-1.54864709176309,"youtub"
"zero",0,1629,-1.54944449955667,"zero"
